firstname,lastname
Imani,Bird
Tobias,Hubbard
Wynne,Bullock
Declan,Stanton
Garth,Hogan
Bruno,Diaz
Macey,Vaughn
Elton,Langley
Jasper,Good
Jackson,Leach
Jaden,Quinn
Hedwig,Horton
Jada,Kane
Flynn,Pearson
Anastasia,Gonzales
Xyla,Rutledge
Idola,Martinez
Risa,Hendricks
David,Underwood
Elvis,Meyer
Lucian,Aguilar
Judah,Head
Cullen,Bryant
Geoffrey,Maynard
Sage,Meadows
Amber,Hayden
Kasper,Foreman
Noah,Lee
Unity,Richmond
Nelle,Booker
Carissa,Booth
Keely,Sims
Samantha,Garcia
Herrod,Glover
Wyatt,Joseph
Griffith,Bowers
Brielle,King
Raymond,Hartman
Piper,Vega
Nora,Mercado
Nero,Wood
Porter,Contreras
Nigel,Suarez
Colette,Carter
Carly,Harvey
Josephine,Blevins
Aretha,Ortiz
Mallory,Diaz
Paul,Joseph
Porter,Goodman
Reese,Crosby
Kim,Hunter
Dorothy,Joyce
Eve,Carlson
Katelyn,Heath
Jeanette,Martin
Jesse,Greene
Paloma,Valdez
Devin,Dunlap
Leandra,Wolfe
Ila,Luna
Aidan,Mclaughlin
Arthur,Osborne
Amela,Reid
Theodore,Bruce
Emerson,Walter
Teegan,Chandler
Briar,Mccullough
Griffith,Mooney
Sloane,Meyers
Jerome,Frazier
Hillary,Mann
Noel,Carroll
Rosalyn,Conley
Nicole,Willis
Amos,Justice
Shellie,Ortiz
Ahmed,Donovan
Phillip,Ford
Kyle,Harrison
Ima,Barlow
Ryder,Logan
Penelope,Bryant
Madaline,Sellers
Chaney,Manning
Imogene,Black
Brenda,Knight
Graiden,Rosario
Xanthus,Campbell
Malik,Jenkins
Emery,Jones
Gregory,Hahn
Francesca,Morin
Jael,Weaver
Dustin,Munoz
Gregory,Reeves
Emmanuel,Wheeler
Carly,Vazquez
Gage,Howe
Jackson,Delaney